views,users
1,3
2,2
3,1
4,1
5,3
6,14
7,22
8,64
9,97
10,131
11,192
12,286
13,355
14,394
15,420
16,427
17,420
18,364
19,341
20,313
21,262
22,242
23,226
24,200
25,223
26,225
27,270
28,301
29,333
30,351
31,394
32,369
33,388
34,374
35,385
36,359
37,333
38,322
39,310
40,280
41,323
42,300
43,326
44,326
45,301
46,289
47,338
48,356
49,343
50,285
51,306
52,319
53,309
54,289
55,281
56,307
57,299
58,276
59,273
60,279
61,293
62,300
63,262
64,295
65,296
66,301
67,287
68,255
69,246
70,286
71,274
72,250
73,278
74,236
75,271
76,215
77,231
78,240
79,268
80,218
81,221
82,221
83,230
84,244
85,205
86,215
87,228
88,189
89,198
90,214
91,207
92,201
93,182
94,205
95,189
96,174
97,184
98,172
99,172
100,155
101,183
102,185
103,169
104,181
105,179
106,173
107,175
108,154
109,180
110,145
111,154
112,135
113,120
114,140
115,146
116,128
117,125
118,119
119,143
120,120
121,129
122,127
123,105
124,115
125,110
126,136
127,122
128,99
129,102
130,88
131,106
132,116
133,90
134,101
135,91
136,121
137,107
138,98
139,89
140,62
141,99
142,97
143,77
144,65
145,80
146,65
147,59
148,77
149,66
150,73
151,57
152,70
153,66
154,81
155,69
156,50
157,61
158,69
159,53
160,51
161,55
162,49
163,55
164,50
165,47
166,45
167,52
168,40
169,60
170,60
171,49
172,37
173,39
174,34
175,55
176,38
177,34
178,39
179,36
180,31
181,46
182,32
183,28
184,31
185,24
186,35
187,34
188,25
189,22
190,35
191,26
192,26
193,34
194,15
195,23
196,24
197,31
198,33
199,22
200,22
201,23
202,13
203,13
204,15
205,18
206,11
207,17
208,12
209,12
210,15
211,19
212,16
213,16
214,15
215,14
216,11
217,14
218,16
219,13
220,6
221,7
222,14
223,14
224,9
225,11
226,8
227,5
228,17
229,10
230,8
231,8
232,10
233,6
234,5
235,5
236,5
237,9
238,7
239,4
240,5
241,7
242,6
243,4
244,7
245,8
246,4
247,2
248,10
249,2
250,3
251,1
252,7
253,4
254,3
255,7
256,1
257,3
258,5
259,1
260,4
261,5
262,3
263,5
264,4
265,4
266,7
267,2
268,2
269,3
270,2
271,2
272,1
273,1
274,2
275,2
276,1
277,1
278,1
279,1
280,3
281,1
283,2
284,1
285,1
286,2
287,4
288,1
289,1
290,1
291,2
292,2
293,1
294,1
296,1
298,2
299,3
300,1
301,1
302,1
304,2
305,1
306,2
311,1
315,1
322,1
325,2
326,1
330,1
333,1
340,1
341,1
364,1
366,1
369,1
371,1
